#---------------------------------------------------------------------------
#Carga de datos de prueba


#Tabla de Ciudad
#   cod_postal SMALLINT CHECK (cod_postal > 999 AND cod_postal < 10000),
#	nombre VARCHAR(45),
#	PRIMARY KEY (cod_postal)

INSERT INTO Ciudad VALUES (8000,"Bahia Blanca");
INSERT INTO Ciudad VALUES (8109,"Punta Alta");
INSERT INTO Ciudad VALUES (8135,"Monte Hermoso");
INSERT INTO Ciudad VALUES (87000,"Tandil");
INSERT INTO Ciudad VALUES (7600,"Mar del Plata");
INSERT INTO Ciudad VALUES (1900,"La Plata");

#Tabla de Sucursal
/*
	nro_suc SMALLINT CHECK (nro_suc > 99 AND nro_suc < 1000),
	nombre VARCHAR(45),
	direccion VARCHAR(45),
	telefono VARCHAR(45),
	horario VARCHAR(45),
	cod_postal SMALLINT CHECK (cod_postal > 999 AND cod_postal < 10000) REFERENCES Ciudad.cod_postal,
	PRIMARY KEY (nro_suc)
*/

INSERT INTO Sucursal VALUES (100,"Banco Bahia","Brown 50","291402339","9 a 16", 8000);
INSERT INTO Sucursal VALUES (150,"Banco Nacion","Rivadavia 150","291402339","9 a 16", 7600);
INSERT INTO Sucursal VALUES (200,"Banco Nacion","Brandsen 36","291402539","9 a 16", 7600);
INSERT INTO Sucursal VALUES (250,"Banco Moneda","Don Bosco 1250","291402339","9 a 16", 1900);
INSERT INTO Sucursal VALUES (300,"Banco Patagonia","Alberdi 350","291402339","9 a 16", 8109);

#Tabla de Empleado
INSERT INTO Empleado VALUES (1100,"Perez","Juan","DNI",35444555,"San Martin 300","2932111111");
INSERT INTO Empleado VALUES (1200,"Gonzalez","Matias","DNI",35333444,"San Martin 300","2932111111");
INSERT INTO Empleado VALUES (1300,"Riquelme","Agustina","DNI",35999555,"San Martin 300","2932111111");
INSERT INTO Empleado VALUES (1400,"Rodriguez","Luciana","DNI",35888555,"San Martin 300","2932111111");
INSERT INTO Empleado VALUES (1500,"Cattafi","Juan","DNI",35777555,"San Martin 300","2932111111");

#Tabla de Cliente
INSERT INTO Cliente VALUES (10000,"Cordoba","Oscar","DNI",40771337,"Alberdi 2000","291402333");
INSERT INTO Cliente VALUES (10001,"Bermudez","Jorge","DNI",40777777,"Rodriguez Peña 30","291402333");
INSERT INTO Cliente VALUES (10003,"Ibarra","Hugo","LE",40771339,"San Martin 2001","291400333");
INSERT INTO Cliente VALUES (10004,"Serna","Mauricio","LE",40771317,"Brown 2500","291400003");
INSERT INTO Cliente VALUES (10005,"Delgado","Marcelo","DNI",40773237,"Paso 300","291401233");
INSERT INTO Cliente VALUES (10020,"Gaitan","Walter","LE",4072377,"Villanueva 3500","291222333");
INSERT INTO Cliente VALUES (10010,"Riquelme","Juan Roman","DNI",40456123,"Espora 200","291234333");

#Tabla de Plazo_Fijo (¿2 decimales?)
INSERT INTO Plazo_Fijo VALUES (12345678,20000.00,'2021-10-26','2021-12-02',50.00,10000.00,150);
INSERT INTO Plazo_Fijo VALUES (87654321,20000.00,'2021-02-26','2021-07-01',25.00,5000.00,150);
INSERT INTO Plazo_Fijo VALUES (12341234,25000.00,'2021-05-26','2021-12-10',20.00,4000.00,250);
INSERT INTO Plazo_Fijo VALUES (43214321,10000.00,'2020-01-20','2020-12-20',10.00,1000.00,300);

#Tabla Tasa_Plazo_Fijo
INSERT INTO Tasa_Plazo_Fijo VALUES (100,200.00,500.00,25.00);
INSERT INTO Tasa_Plazo_Fijo VALUES (600,100.00,600.00,30.00);
INSERT INTO Tasa_Plazo_Fijo VALUES (700,250.00,500.00,10.00);

#Tabla Plazo_Cliente
INSERT INTO Plazo_Cliente VALUES (10000000,10000);
INSERT INTO Plazo_Cliente VALUES (10000001,10005);
INSERT INTO Plazo_Cliente VALUES (10000002,10003);
INSERT INTO Plazo_Cliente VALUES (10000003,10004);
INSERT INTO Plazo_Cliente VALUES (10000004,10010);
INSERT INTO Plazo_Cliente VALUES (10000005,10001);

#Tabla Prestamo
INSERT INTO Prestamo VALUES (1000000,'2021-01-30',12,100000,15.00,10.00,17000.00,1100,10010);
INSERT INTO Prestamo VALUES (1000020,'2021-06-15',06,100000,10.00,05.00,20000.00,1500,10005);

#Tabla Pago
INSERT INTO Pago VALUES (1000000,10,'2021-11-20','2021-10-10');
INSERT INTO Pago VALUES (1000000,11,'2021-12-31','2021-11-10');
INSERT INTO Pago VALUES (1000000,12,'2021-12-31','2021-10-10');
INSERT INTO Pago VALUES (1000020,30,'2021-11-20','2021-11-10');
INSERT INTO Pago VALUES (1000020,31,'2021-12-20','2021-12-15');

#Tabla Tasa_Prestamo
INSERT INTO Tasa_Prestamo VALUES (120,2000,10000,120.00);
INSERT INTO Tasa_Prestamo VALUES (150,3000,15000,95.00);
INSERT INTO Tasa_Prestamo VALUES (190,5000,10000,10.00);
INSERT INTO Tasa_Prestamo VALUES (220,200,1000,05.00);
INSERT INTO Tasa_Prestamo VALUES (920,200,100000,50.00);

#Tabla Caja_Ahorro
INSERT INTO Caja_Ahorro VALUES (10000000, 3029584736424305, 25.50);
INSERT INTO Caja_Ahorro VALUES (10000001, 3029584736424306, 250000000000.00);
INSERT INTO Caja_Ahorro VALUES (10000002, 3029584736424307, 20000.50);
INSERT INTO Caja_Ahorro VALUES (10000003, 3029584736424308, 85000.50);
INSERT INTO Caja_Ahorro VALUES (10000004, 3029584736424309, 9500.50);

#Tabla Cliente_CA
INSERT INTO Cliente_CA VALUES (10000,10000000);
INSERT INTO Cliente_CA VALUES (10001,10000004);
INSERT INTO Cliente_CA VALUES (10002,10000003);
INSERT INTO Cliente_CA VALUES (10003,10000002);
INSERT INTO Cliente_CA VALUES (10004,10000001);

#Tabla Tarjeta
INSERT INTO Tarjeta VALUES (1234567812345678,md5("qgzJ6hBHk1orRIX8DrbVkWgpJ86bgkIt"),md5("lT9UUDFgDknFC8NRUogXIDAtlTsryPMk"),'2025-12-30',10000,10000000);
INSERT INTO Tarjeta VALUES (2525179637926187,md5("dxY6d2uVLmwBiohr0bNDy4ryl5onViIF"),md5("nNU2ndYMbqJzjvMDgoGylg7iV5cHuENZ"),'2027-12-30',10001,10000004);
INSERT INTO Tarjeta VALUES (6858392754891925,md5("Axz9Y5XMs64XrPhvKLNvinFxpJduc3Lr"),md5("F9qc2xgYSGdqDUPXhGHhxt9AThfITQNv"),'2025-12-30',10003,10000002);
INSERT INTO Tarjeta VALUES (1883191824046521,md5("uIIgzafBltYSjsvfwtKMWQCbNyJxWaAf"),md5("rx1rRs1j4e96Tzz8y7TrCQn5iJd0Okby"),'2023-12-30',10004,10000001);

#Tabla Caja
INSERT INTO Caja VALUES (12345);
INSERT INTO Caja VALUES (10001);
INSERT INTO Caja VALUES (10002);
INSERT INTO Caja VALUES (10003);
INSERT INTO Caja VALUES (10004);

#Tabla Ventanilla
INSERT INTO Ventanilla VALUES (12345,100);
INSERT INTO Ventanilla VALUES (10001,150);
INSERT INTO Ventanilla VALUES (10002,200);
INSERT INTO Ventanilla VALUES (10003,250);
INSERT INTO Ventanilla VALUES (10004,300);

#Tabla ATM
INSERT INTO ATM VALUES (12345,8109,"Quintana 300");
INSERT INTO ATM VALUES (12345,8109,"Brown 1300");
INSERT INTO ATM VALUES (12345,8135,"Brown 2300");
INSERT INTO ATM VALUES (10001,8135,"Paso 500");
INSERT INTO ATM VALUES (10001,8000,"Sarmiento 200");
INSERT INTO ATM VALUES (10004,8000,"Alvear 50");
INSERT INTO ATM VALUES (10004,8000,"Mitre 300");
INSERT INTO ATM VALUES (10004,8000,"Mitre 1200");

#Tabla Transaccion
INSERT INTO Transaccion VALUES (2084412882,'2021-08-12','13:30:00',500.00);
INSERT INTO Transaccion VALUES (9718274314,'2021-08-13','14:30:00',2500.00);
INSERT INTO Transaccion VALUES (0309471449,'2021-08-14','15:30:00',3500.00);
INSERT INTO Transaccion VALUES (7718647062,'2021-08-15','09:30:00',4500.00);
INSERT INTO Transaccion VALUES (4004184787,'2021-08-19','13:45:00',5500.00);
INSERT INTO Transaccion VALUES (0592239192,'2021-09-11','14:00:00',6500.00);
INSERT INTO Transaccion VALUES (4827101062,'2021-10-13','12:30:00',7500.00);
INSERT INTO Transaccion VALUES (0851707417,'2021-11-14','19:30:00',8500.00);
INSERT INTO Transaccion VALUES (9675401086,'2021-12-15','20:00:00',25000.05);
INSERT INTO Transaccion VALUES (5096387224,'2021-12-15','20:00:00',25000.05);
INSERT INTO Transaccion VALUES (4989267548,'2021-12-15','20:00:00',25000.05);


#Tabla Debito
INSERT INTO debito VALUES (2084412882,"3 Empanadas",10000);
INSERT INTO debito VALUES (9718274314,"Pago Supermercado",10000);
INSERT INTO debito VALUES (0309471449,"Pago Servicio",10000);
INSERT INTO debito VALUES (4827101062,"Gomeria",10001);
INSERT INTO debito VALUES (0851707417,"Pago ABSA",10003);
INSERT INTO debito VALUES (9675401086,"Pago Camuzzi",10004);

#Tabla Transaccion_por_caja
INSERT INTO Transaccion_por_caja VALUES (4004184787,12345);
INSERT INTO Transaccion_por_caja VALUES (7718647062,12345);
INSERT INTO Transaccion_por_caja VALUES (0592239192,12345);
INSERT INTO Transaccion_por_caja VALUES (5096387224,12345);
INSERT INTO Transaccion_por_caja VALUES (4989267548,12345);


#Tabla Deposito
INSERT INTO Deposito VALUES (4004184787,10000000);

#Tabla Extraccion no se si esta bien poner el cliente y caja de ahorro correspondiente, tal vez sea origen-destino
INSERT INTO Extraccion VALUES (7718647062,10000,10000000);
INSERT INTO Extraccion VALUES (0592239192,10001,10000004);

#Tabla Transferencia
INSERT INTO Transferencia VALUES (5096387224,10002,10002,12345);
INSERT INTO Transferencia VALUES (4989267548,10003,10003,12345);





